INSERT INTO num (i) VALUES (0), (1), (2), (3), (4), (5), (6), (7), (8), (9);

INSERT INTO summary_day(datelist) SELECT
    adddate(
        (   -- 这里的起始日期，你可以换成当前日期
            DATE_FORMAT("2017-6-1", '%Y-%m-%d') 
        ),
        numlist.id
    ) AS `date`
FROM
    (
        SELECT
            n1.i + n10.i * 10 + n100.i * 100 + n1000.i * 1000 AS id
        FROM
            num n1
        CROSS JOIN num AS n10
        CROSS JOIN num AS n100
        CROSS JOIN num AS n1000
    ) AS numlist;


insert into summary_quarter (year,quarterlist) values (2017,1);
insert into summary_quarter (year,quarterlist) values (2017,2);
insert into summary_quarter (year,quarterlist) values (2017,3);
insert into summary_quarter (year,quarterlist) values (2017,4);
insert into summary_quarter (year,quarterlist) values (2018,1);
insert into summary_quarter (year,quarterlist) values (2018,2);
insert into summary_quarter (year,quarterlist) values (2018,3);
insert into summary_quarter (year,quarterlist) values (2018,4);
insert into summary_quarter (year,quarterlist) values (2019,1);
insert into summary_quarter (year,quarterlist) values (2019,2);
insert into summary_quarter (year,quarterlist) values (2019,3);
insert into summary_quarter (year,quarterlist) values (2019,4);
insert into summary_quarter (year,quarterlist) values (2020,1);
insert into summary_quarter (year,quarterlist) values (2020,2);
insert into summary_quarter (year,quarterlist) values (2020,3);
insert into summary_quarter (year,quarterlist) values (2020,4);

insert into summary_month (year,monthlist) values (2017,1);
insert into summary_month (year,monthlist) values (2017,2);
insert into summary_month (year,monthlist) values (2017,3);
insert into summary_month (year,monthlist) values (2017,4);
insert into summary_month (year,monthlist) values (2017,5);
insert into summary_month (year,monthlist) values (2017,6);
insert into summary_month (year,monthlist) values (2017,7);
insert into summary_month (year,monthlist) values (2017,8);
insert into summary_month (year,monthlist) values (2017,9);
insert into summary_month (year,monthlist) values (2017,10);
insert into summary_month (year,monthlist) values (2017,11);
insert into summary_month (year,monthlist) values (2017,12);
insert into summary_month (year,monthlist) values (2018,1);
insert into summary_month (year,monthlist) values (2018,2);
insert into summary_month (year,monthlist) values (2018,3);
insert into summary_month (year,monthlist) values (2018,4);
insert into summary_month (year,monthlist) values (2018,5);
insert into summary_month (year,monthlist) values (2018,6);
insert into summary_month (year,monthlist) values (2018,7);
insert into summary_month (year,monthlist) values (2018,8);
insert into summary_month (year,monthlist) values (2018,9);
insert into summary_month (year,monthlist) values (2018,10);
insert into summary_month (year,monthlist) values (2018,11);
insert into summary_month (year,monthlist) values (2018,12);
insert into summary_month (year,monthlist) values (2019,1);
insert into summary_month (year,monthlist) values (2019,2);
insert into summary_month (year,monthlist) values (2019,3);
insert into summary_month (year,monthlist) values (2019,4);
insert into summary_month (year,monthlist) values (2019,5);
insert into summary_month (year,monthlist) values (2019,6);
insert into summary_month (year,monthlist) values (2019,7);
insert into summary_month (year,monthlist) values (2019,8);
insert into summary_month (year,monthlist) values (2019,9);
insert into summary_month (year,monthlist) values (2019,10);
insert into summary_month (year,monthlist) values (2019,11);
insert into summary_month (year,monthlist) values (2019,12);
insert into summary_month (year,monthlist) values (2020,1);
insert into summary_month (year,monthlist) values (2020,2);
insert into summary_month (year,monthlist) values (2020,3);
insert into summary_month (year,monthlist) values (2020,4);
insert into summary_month (year,monthlist) values (2020,5);
insert into summary_month (year,monthlist) values (2020,6);
insert into summary_month (year,monthlist) values (2020,7);
insert into summary_month (year,monthlist) values (2020,8);
insert into summary_month (year,monthlist) values (2020,9);
insert into summary_month (year,monthlist) values (2020,10);
insert into summary_month (year,monthlist) values (2020,11);
insert into summary_month (year,monthlist) values (2020,12);



insert into summary_year (yearlist) values (2017);
insert into summary_year (yearlist) values (2018);
insert into summary_year (yearlist) values (2019);
insert into summary_year (yearlist) values (2020);

insert into summary_week (year,weeklist) values (2017,0);
insert into summary_week (year,weeklist) values (2017,1);
insert into summary_week (year,weeklist) values (2017,2);
insert into summary_week (year,weeklist) values (2017,3);
insert into summary_week (year,weeklist) values (2017,4);
insert into summary_week (year,weeklist) values (2017,5);
insert into summary_week (year,weeklist) values (2017,6);
insert into summary_week (year,weeklist) values (2017,7);
insert into summary_week (year,weeklist) values (2017,8);
insert into summary_week (year,weeklist) values (2017,9);
insert into summary_week (year,weeklist) values (2017,10);
insert into summary_week (year,weeklist) values (2017,11);
insert into summary_week (year,weeklist) values (2017,12);
insert into summary_week (year,weeklist) values (2017,13);
insert into summary_week (year,weeklist) values (2017,14);
insert into summary_week (year,weeklist) values (2017,15);
insert into summary_week (year,weeklist) values (2017,16);
insert into summary_week (year,weeklist) values (2017,17);
insert into summary_week (year,weeklist) values (2017,18);
insert into summary_week (year,weeklist) values (2017,19);
insert into summary_week (year,weeklist) values (2017,20);
insert into summary_week (year,weeklist) values (2017,21);
insert into summary_week (year,weeklist) values (2017,22);
insert into summary_week (year,weeklist) values (2017,23);
insert into summary_week (year,weeklist) values (2017,24);
insert into summary_week (year,weeklist) values (2017,25);
insert into summary_week (year,weeklist) values (2017,26);
insert into summary_week (year,weeklist) values (2017,27);
insert into summary_week (year,weeklist) values (2017,28);
insert into summary_week (year,weeklist) values (2017,29);
insert into summary_week (year,weeklist) values (2017,30);
insert into summary_week (year,weeklist) values (2017,31);
insert into summary_week (year,weeklist) values (2017,32);
insert into summary_week (year,weeklist) values (2017,33);
insert into summary_week (year,weeklist) values (2017,34);
insert into summary_week (year,weeklist) values (2017,35);
insert into summary_week (year,weeklist) values (2017,36);
insert into summary_week (year,weeklist) values (2017,37);
insert into summary_week (year,weeklist) values (2017,38);
insert into summary_week (year,weeklist) values (2017,39);
insert into summary_week (year,weeklist) values (2017,40);
insert into summary_week (year,weeklist) values (2017,41);
insert into summary_week (year,weeklist) values (2017,42);
insert into summary_week (year,weeklist) values (2017,43);
insert into summary_week (year,weeklist) values (2017,44);
insert into summary_week (year,weeklist) values (2017,45);
insert into summary_week (year,weeklist) values (2017,46);
insert into summary_week (year,weeklist) values (2017,47);
insert into summary_week (year,weeklist) values (2017,48);
insert into summary_week (year,weeklist) values (2017,49);
insert into summary_week (year,weeklist) values (2017,50);
insert into summary_week (year,weeklist) values (2017,51);
insert into summary_week (year,weeklist) values (2017,52);
insert into summary_week (year,weeklist) values (2017,53);
insert into summary_week (year,weeklist) values (2018,0);
insert into summary_week (year,weeklist) values (2018,1);
insert into summary_week (year,weeklist) values (2018,2);
insert into summary_week (year,weeklist) values (2018,3);
insert into summary_week (year,weeklist) values (2018,4);
insert into summary_week (year,weeklist) values (2018,5);
insert into summary_week (year,weeklist) values (2018,6);
insert into summary_week (year,weeklist) values (2018,7);
insert into summary_week (year,weeklist) values (2018,8);
insert into summary_week (year,weeklist) values (2018,9);
insert into summary_week (year,weeklist) values (2018,10);
insert into summary_week (year,weeklist) values (2018,11);
insert into summary_week (year,weeklist) values (2018,12);
insert into summary_week (year,weeklist) values (2018,13);
insert into summary_week (year,weeklist) values (2018,14);
insert into summary_week (year,weeklist) values (2018,15);
insert into summary_week (year,weeklist) values (2018,16);
insert into summary_week (year,weeklist) values (2018,17);
insert into summary_week (year,weeklist) values (2018,18);
insert into summary_week (year,weeklist) values (2018,19);
insert into summary_week (year,weeklist) values (2018,20);
insert into summary_week (year,weeklist) values (2018,21);
insert into summary_week (year,weeklist) values (2018,22);
insert into summary_week (year,weeklist) values (2018,23);
insert into summary_week (year,weeklist) values (2018,24);
insert into summary_week (year,weeklist) values (2018,25);
insert into summary_week (year,weeklist) values (2018,26);
insert into summary_week (year,weeklist) values (2018,27);
insert into summary_week (year,weeklist) values (2018,28);
insert into summary_week (year,weeklist) values (2018,29);
insert into summary_week (year,weeklist) values (2018,30);
insert into summary_week (year,weeklist) values (2018,31);
insert into summary_week (year,weeklist) values (2018,32);
insert into summary_week (year,weeklist) values (2018,33);
insert into summary_week (year,weeklist) values (2018,34);
insert into summary_week (year,weeklist) values (2018,35);
insert into summary_week (year,weeklist) values (2018,36);
insert into summary_week (year,weeklist) values (2018,37);
insert into summary_week (year,weeklist) values (2018,38);
insert into summary_week (year,weeklist) values (2018,39);
insert into summary_week (year,weeklist) values (2018,40);
insert into summary_week (year,weeklist) values (2018,41);
insert into summary_week (year,weeklist) values (2018,42);
insert into summary_week (year,weeklist) values (2018,43);
insert into summary_week (year,weeklist) values (2018,44);
insert into summary_week (year,weeklist) values (2018,45);
insert into summary_week (year,weeklist) values (2018,46);
insert into summary_week (year,weeklist) values (2018,47);
insert into summary_week (year,weeklist) values (2018,48);
insert into summary_week (year,weeklist) values (2018,49);
insert into summary_week (year,weeklist) values (2018,50);
insert into summary_week (year,weeklist) values (2018,51);
insert into summary_week (year,weeklist) values (2018,52);
insert into summary_week (year,weeklist) values (2018,53);
insert into summary_week (year,weeklist) values (2019,0);
insert into summary_week (year,weeklist) values (2019,1);
insert into summary_week (year,weeklist) values (2019,2);
insert into summary_week (year,weeklist) values (2019,3);
insert into summary_week (year,weeklist) values (2019,4);
insert into summary_week (year,weeklist) values (2019,5);
insert into summary_week (year,weeklist) values (2019,6);
insert into summary_week (year,weeklist) values (2019,7);
insert into summary_week (year,weeklist) values (2019,8);
insert into summary_week (year,weeklist) values (2019,9);
insert into summary_week (year,weeklist) values (2019,10);
insert into summary_week (year,weeklist) values (2019,11);
insert into summary_week (year,weeklist) values (2019,12);
insert into summary_week (year,weeklist) values (2019,13);
insert into summary_week (year,weeklist) values (2019,14);
insert into summary_week (year,weeklist) values (2019,15);
insert into summary_week (year,weeklist) values (2019,16);
insert into summary_week (year,weeklist) values (2019,17);
insert into summary_week (year,weeklist) values (2019,18);
insert into summary_week (year,weeklist) values (2019,19);
insert into summary_week (year,weeklist) values (2019,20);
insert into summary_week (year,weeklist) values (2019,21);
insert into summary_week (year,weeklist) values (2019,22);
insert into summary_week (year,weeklist) values (2019,23);
insert into summary_week (year,weeklist) values (2019,24);
insert into summary_week (year,weeklist) values (2019,25);
insert into summary_week (year,weeklist) values (2019,26);
insert into summary_week (year,weeklist) values (2019,27);
insert into summary_week (year,weeklist) values (2019,28);
insert into summary_week (year,weeklist) values (2019,29);
insert into summary_week (year,weeklist) values (2019,30);
insert into summary_week (year,weeklist) values (2019,31);
insert into summary_week (year,weeklist) values (2019,32);
insert into summary_week (year,weeklist) values (2019,33);
insert into summary_week (year,weeklist) values (2019,34);
insert into summary_week (year,weeklist) values (2019,35);
insert into summary_week (year,weeklist) values (2019,36);
insert into summary_week (year,weeklist) values (2019,37);
insert into summary_week (year,weeklist) values (2019,38);
insert into summary_week (year,weeklist) values (2019,39);
insert into summary_week (year,weeklist) values (2019,40);
insert into summary_week (year,weeklist) values (2019,41);
insert into summary_week (year,weeklist) values (2019,42);
insert into summary_week (year,weeklist) values (2019,43);
insert into summary_week (year,weeklist) values (2019,44);
insert into summary_week (year,weeklist) values (2019,45);
insert into summary_week (year,weeklist) values (2019,46);
insert into summary_week (year,weeklist) values (2019,47);
insert into summary_week (year,weeklist) values (2019,48);
insert into summary_week (year,weeklist) values (2019,49);
insert into summary_week (year,weeklist) values (2019,50);
insert into summary_week (year,weeklist) values (2019,51);
insert into summary_week (year,weeklist) values (2019,52);
insert into summary_week (year,weeklist) values (2019,53);
insert into summary_week (year,weeklist) values (2020,0);
insert into summary_week (year,weeklist) values (2020,1);
insert into summary_week (year,weeklist) values (2020,2);
insert into summary_week (year,weeklist) values (2020,3);
insert into summary_week (year,weeklist) values (2020,4);
insert into summary_week (year,weeklist) values (2020,5);
insert into summary_week (year,weeklist) values (2020,6);
insert into summary_week (year,weeklist) values (2020,7);
insert into summary_week (year,weeklist) values (2020,8);
insert into summary_week (year,weeklist) values (2020,9);
insert into summary_week (year,weeklist) values (2020,10);
insert into summary_week (year,weeklist) values (2020,11);
insert into summary_week (year,weeklist) values (2020,12);
insert into summary_week (year,weeklist) values (2020,13);
insert into summary_week (year,weeklist) values (2020,14);
insert into summary_week (year,weeklist) values (2020,15);
insert into summary_week (year,weeklist) values (2020,16);
insert into summary_week (year,weeklist) values (2020,17);
insert into summary_week (year,weeklist) values (2020,18);
insert into summary_week (year,weeklist) values (2020,19);
insert into summary_week (year,weeklist) values (2020,20);
insert into summary_week (year,weeklist) values (2020,21);
insert into summary_week (year,weeklist) values (2020,22);
insert into summary_week (year,weeklist) values (2020,23);
insert into summary_week (year,weeklist) values (2020,24);
insert into summary_week (year,weeklist) values (2020,25);
insert into summary_week (year,weeklist) values (2020,26);
insert into summary_week (year,weeklist) values (2020,27);
insert into summary_week (year,weeklist) values (2020,28);
insert into summary_week (year,weeklist) values (2020,29);
insert into summary_week (year,weeklist) values (2020,30);
insert into summary_week (year,weeklist) values (2020,31);
insert into summary_week (year,weeklist) values (2020,32);
insert into summary_week (year,weeklist) values (2020,33);
insert into summary_week (year,weeklist) values (2020,34);
insert into summary_week (year,weeklist) values (2020,35);
insert into summary_week (year,weeklist) values (2020,36);
insert into summary_week (year,weeklist) values (2020,37);
insert into summary_week (year,weeklist) values (2020,38);
insert into summary_week (year,weeklist) values (2020,39);
insert into summary_week (year,weeklist) values (2020,40);
insert into summary_week (year,weeklist) values (2020,41);
insert into summary_week (year,weeklist) values (2020,42);
insert into summary_week (year,weeklist) values (2020,43);
insert into summary_week (year,weeklist) values (2020,44);
insert into summary_week (year,weeklist) values (2020,45);
insert into summary_week (year,weeklist) values (2020,46);
insert into summary_week (year,weeklist) values (2020,47);
insert into summary_week (year,weeklist) values (2020,48);
insert into summary_week (year,weeklist) values (2020,49);
insert into summary_week (year,weeklist) values (2020,50);
insert into summary_week (year,weeklist) values (2020,51);
insert into summary_week (year,weeklist) values (2020,52);
insert into summary_week (year,weeklist) values (2020,53);